{"stats":{"minecraft:killed_by":{"minecraft:zombie":2},"minecraft:used":{"minecraft:moss_carpet":1,"minecraft:spruce_wood":1,"minecraft:totem_of_undying":3},"minecraft:custom":{"minecraft:time_since_rest":1028,"minecraft:damage_absorbed":80,"minecraft:damage_taken":1230,"minecraft:sprint_one_cm":3170,"minecraft:walk_one_cm":16075,"minecraft:drop":21,"minecraft:swim_one_cm":5860,"minecraft:fly_one_cm":23556,"minecraft:play_time":30027,"minecraft:deaths":6,"minecraft:sneak_time":247,"minecraft:walk_under_water_one_cm":8383,"minecraft:jump":94,"minecraft:leave_game":2,"minecraft:time_since_death":991,"minecraft:walk_on_water_one_cm":703,"minecraft:total_world_time":30027,"minecraft:climb_one_cm":937,"minecraft:damage_resisted":253696,"minecraft:fall_one_cm":58541},"minecraft:picked_up":{"minecraft:stone":4,"minecraft:chicken":1,"minecraft:gravel":3,"minecraft:target":128,"minecraft:lightning_rod":64,"minecraft:redstone":128,"minecraft:dirt":1,"minecraft:moss_carpet":132,"minecraft:arrow":256,"minecraft:bone":272,"minecraft:rotten_flesh":233,"minecraft:wheat_seeds":10,"minecraft:spruce_wood":130,"minecraft:light_weighted_pressure_plate":64,"minecraft:azalea":9,"minecraft:totem_of_undying":14,"minecraft:chest":128,"minecraft:glow_berries":5,"minecraft:flowering_azalea":2,"minecraft:ender_pearl":8},"minecraft:dropped":{"minecraft:moss_carpet":86,"minecraft:chest":64,"minecraft:spruce_wood":130,"minecraft:oak_planks":64,"minecraft:totem_of_undying":9,"minecraft:redstone":128,"minecraft:target":128},"minecraft:mined":{"minecraft:jungle_leaves":1}},"DataVersion":3465}