{"stats":{"minecraft:killed_by":{"minecraft:zombie":2},"minecraft:used":{"minecraft:totem_of_undying":2,"minecraft:spruce_wood":1},"minecraft:custom":{"minecraft:jump":39,"minecraft:time_since_rest":4642,"minecraft:damage_taken":970,"minecraft:damage_absorbed":80,"minecraft:leave_game":1,"minecraft:time_since_death":3854,"minecraft:play_time":14564,"minecraft:sprint_one_cm":2334,"minecraft:walk_one_cm":6080,"minecraft:deaths":2,"minecraft:sneak_time":34,"minecraft:total_world_time":14564,"minecraft:climb_one_cm":421,"minecraft:drop":3,"minecraft:fall_one_cm":6011,"minecraft:fly_one_cm":3419},"minecraft:picked_up":{"minecraft:spruce_wood":65},"minecraft:dropped":{"minecraft:oak_planks":64,"minecraft:spruce_wood":65},"minecraft:mined":{"minecraft:jungle_leaves":1}},"DataVersion":3465}