{"stats":{"minecraft:picked_up":{"minecraft:torch":1,"minecraft:iron_bars":10},"minecraft:mined":{"minecraft:torch":1},"minecraft:killed":{"minecraft:ender_dragon":1},"minecraft:killed_by":{"minecraft:slime":1,"minecraft:wither_skeleton":1},"minecraft:used":{"minecraft:oak_log":2,"minecraft:netherite_sword":39,"minecraft:ender_eye":23,"minecraft:torch":5,"minecraft:flint_and_steel":2,"minecraft:end_portal_frame":26,"minecraft:obsidian":16},"minecraft:custom":{"minecraft:time_since_rest":14809,"minecraft:open_chest":1,"minecraft:walk_one_cm":21081,"minecraft:crouch_one_cm":298,"minecraft:play_time":29947,"minecraft:sprint_one_cm":26931,"minecraft:open_enderchest":2,"minecraft:damage_taken":660,"minecraft:deaths":2,"minecraft:sneak_time":1736,"minecraft:walk_under_water_one_cm":10435,"minecraft:mob_kills":1,"minecraft:jump":100,"minecraft:damage_dealt":183,"minecraft:time_since_death":13717,"minecraft:walk_on_water_one_cm":6401,"minecraft:total_world_time":29947,"minecraft:fall_one_cm":544,"minecraft:fly_one_cm":610100}},"DataVersion":3700}