{"stats":{"minecraft:mined":{"minecraft:tall_grass":18},"minecraft:used":{"minecraft:stone_sword":34,"minecraft:zombie_spawn_egg":6},"minecraft:custom":{"minecraft:jump":40,"minecraft:time_since_rest":77212,"minecraft:damage_dealt":1186,"minecraft:crouch_one_cm":322,"minecraft:deaths":1,"minecraft:sprint_one_cm":7209,"minecraft:play_time":125984,"minecraft:walk_on_water_one_cm":52,"minecraft:time_since_death":77192,"minecraft:walk_one_cm":14467,"minecraft:sneak_time":345,"minecraft:total_world_time":125984,"minecraft:mob_kills":4,"minecraft:fall_one_cm":1042,"minecraft:fly_one_cm":152477},"minecraft:picked_up":{"minecraft:rotten_flesh":1,"minecraft:poppy":2,"minecraft:oak_sapling":1,"minecraft:wheat_seeds":1},"minecraft:killed":{"minecraft:zombie":2}},"DataVersion":3700}