{"stats":{"minecraft:killed_by":{"minecraft:wither_skeleton":1},"minecraft:custom":{"minecraft:jump":22,"minecraft:time_since_rest":4633,"minecraft:damage_dealt":130,"minecraft:crouch_one_cm":3,"minecraft:deaths":1,"minecraft:sprint_one_cm":1688,"minecraft:play_time":5988,"minecraft:damage_taken":220,"minecraft:time_since_death":4581,"minecraft:walk_one_cm":3225,"minecraft:sneak_time":167,"minecraft:total_world_time":5988,"minecraft:fall_one_cm":335,"minecraft:fly_one_cm":47331}},"DataVersion":3700}