{"stats":{"minecraft:mined":{"minecraft:tall_grass":18},"minecraft:used":{"minecraft:zombie_spawn_egg":1},"minecraft:custom":{"minecraft:jump":27,"minecraft:time_since_rest":53212,"minecraft:crouch_one_cm":15,"minecraft:deaths":1,"minecraft:sprint_one_cm":2417,"minecraft:play_time":101984,"minecraft:walk_on_water_one_cm":52,"minecraft:time_since_death":53192,"minecraft:walk_one_cm":4136,"minecraft:sneak_time":165,"minecraft:total_world_time":101984,"minecraft:fall_one_cm":1042,"minecraft:fly_one_cm":149498},"minecraft:picked_up":{"minecraft:oak_sapling":1,"minecraft:wheat_seeds":1}},"DataVersion":3700}