{"stats":{"minecraft:mined":{"minecraft:grass_block":6},"minecraft:custom":{"minecraft:jump":53,"minecraft:time_since_rest":11925,"minecraft:damage_taken":1485,"minecraft:leave_game":2,"minecraft:play_time":34434,"minecraft:sprint_one_cm":11712,"minecraft:time_since_death":11596,"minecraft:walk_one_cm":7432,"minecraft:deaths":29,"minecraft:sneak_time":10,"minecraft:total_world_time":34434,"minecraft:fall_one_cm":209,"minecraft:fly_one_cm":12254},"minecraft:killed_by":{"minecraft:skeleton":6},"minecraft:picked_up":{"minecraft:dirt":5},"minecraft:used":{"minecraft:dirt":4,"minecraft:command_block":1}},"DataVersion":3465}