{"stats":{"minecraft:mined":{"minecraft:grass_block":6},"minecraft:custom":{"minecraft:jump":38,"minecraft:time_since_rest":1290,"minecraft:damage_taken":300,"minecraft:leave_game":2,"minecraft:play_time":20304,"minecraft:sprint_one_cm":11712,"minecraft:time_since_death":1104,"minecraft:walk_one_cm":5312,"minecraft:deaths":21,"minecraft:sneak_time":10,"minecraft:total_world_time":20304,"minecraft:fall_one_cm":209,"minecraft:fly_one_cm":11386},"minecraft:killed_by":{"minecraft:skeleton":1},"minecraft:picked_up":{"minecraft:dirt":5},"minecraft:used":{"minecraft:dirt":4}},"DataVersion":3465}