{"stats":{"minecraft:picked_up":{"minecraft:torch":1},"minecraft:mined":{"minecraft:torch":1},"minecraft:killed_by":{"minecraft:slime":1,"minecraft:wither_skeleton":1},"minecraft:used":{"minecraft:torch":5,"minecraft:flint_and_steel":2,"minecraft:obsidian":16},"minecraft:custom":{"minecraft:time_since_rest":2809,"minecraft:open_chest":1,"minecraft:walk_one_cm":17478,"minecraft:crouch_one_cm":287,"minecraft:play_time":17947,"minecraft:sprint_one_cm":24508,"minecraft:open_enderchest":2,"minecraft:damage_taken":660,"minecraft:deaths":2,"minecraft:sneak_time":954,"minecraft:walk_under_water_one_cm":5013,"minecraft:jump":83,"minecraft:damage_dealt":183,"minecraft:time_since_death":1717,"minecraft:walk_on_water_one_cm":3985,"minecraft:total_world_time":17947,"minecraft:fall_one_cm":544,"minecraft:fly_one_cm":259424}},"DataVersion":3700}