{"stats":{"minecraft:mined":{"minecraft:tall_grass":18},"minecraft:used":{"minecraft:stone_sword":19,"minecraft:zombie_spawn_egg":4},"minecraft:custom":{"minecraft:jump":32,"minecraft:time_since_rest":65212,"minecraft:damage_dealt":683,"minecraft:crouch_one_cm":314,"minecraft:deaths":1,"minecraft:sprint_one_cm":4117,"minecraft:play_time":113984,"minecraft:walk_on_water_one_cm":52,"minecraft:time_since_death":65192,"minecraft:walk_one_cm":8301,"minecraft:sneak_time":282,"minecraft:total_world_time":113984,"minecraft:mob_kills":2,"minecraft:fall_one_cm":1042,"minecraft:fly_one_cm":150991},"minecraft:picked_up":{"minecraft:rotten_flesh":1,"minecraft:poppy":2,"minecraft:oak_sapling":1,"minecraft:wheat_seeds":1},"minecraft:killed":{"minecraft:zombie":1}},"DataVersion":3700}