{"stats":{"minecraft:picked_up":{"minecraft:wheat_seeds":6},"minecraft:custom":{"minecraft:jump":26,"minecraft:time_since_rest":8726,"minecraft:deaths":5,"minecraft:play_time":39407,"minecraft:leave_game":3,"minecraft:sprint_one_cm":8778,"minecraft:damage_taken":1020,"minecraft:time_since_death":0,"minecraft:walk_one_cm":6359,"minecraft:total_world_time":39407,"minecraft:fly_one_cm":3195,"minecraft:fall_one_cm":1707},"minecraft:mined":{"minecraft:grass":48,"minecraft:oak_leaves":2,"minecraft:fern":16},"minecraft:killed_by":{"minecraft:zombie":4,"minecraft:skeleton":1}},"DataVersion":3463}