{"stats":{"minecraft:killed_by":{"minecraft:zombie":3},"minecraft:mined":{"minecraft:short_grass":24,"minecraft:oxeye_daisy":1,"minecraft:cornflower":1},"minecraft:used":{"minecraft:warden_spawn_egg":5,"minecraft:diamond_sword":63,"minecraft:zombie_spawn_egg":54,"minecraft:diamond_axe":59},"minecraft:custom":{"minecraft:time_since_rest":68134,"minecraft:damage_taken":8283,"minecraft:play_time":73484,"minecraft:sprint_one_cm":44586,"minecraft:deaths":3,"minecraft:walk_one_cm":78877,"minecraft:sneak_time":11,"minecraft:mob_kills":24,"minecraft:jump":217,"minecraft:damage_dealt":3854,"minecraft:leave_game":1,"minecraft:time_since_death":68109,"minecraft:total_world_time":73484,"minecraft:fall_one_cm":3096,"minecraft:fly_one_cm":64087},"minecraft:killed":{"minecraft:sheep":1,"minecraft:zombie":12,"minecraft:pig":4,"minecraft:creeper":1,"minecraft:chicken":3},"minecraft:picked_up":{"minecraft:feather":4,"minecraft:chicken":2,"minecraft:rotten_flesh":22,"minecraft:wheat_seeds":4,"minecraft:porkchop":8,"minecraft:gray_wool":1,"minecraft:gunpowder":1,"minecraft:iron_sword":1,"minecraft:mutton":2,"minecraft:cornflower":1,"minecraft:oxeye_daisy":1}},"DataVersion":3700}