{"stats":{"minecraft:mined":{"minecraft:grass_block":6},"minecraft:custom":{"minecraft:jump":54,"minecraft:time_since_rest":1513,"minecraft:damage_taken":1485,"minecraft:leave_game":3,"minecraft:play_time":41753,"minecraft:sprint_one_cm":11811,"minecraft:time_since_death":1481,"minecraft:walk_one_cm":8340,"minecraft:deaths":37,"minecraft:sneak_time":10,"minecraft:total_world_time":41753,"minecraft:fall_one_cm":478,"minecraft:fly_one_cm":13733},"minecraft:killed_by":{"minecraft:skeleton":6},"minecraft:picked_up":{"minecraft:dirt":5},"minecraft:used":{"minecraft:dirt":4,"minecraft:command_block":1}},"DataVersion":3465}