{"stats":{"minecraft:killed":{"minecraft:sheep":1,"minecraft:chicken":1},"minecraft:mined":{"minecraft:grass":3,"minecraft:grass_block":2,"minecraft:birch_log":1},"minecraft:used":{"minecraft:netherite_boots":1,"minecraft:netherite_leggings":1,"minecraft:netherite_chestplate":1,"minecraft:netherite_helmet":1},"minecraft:picked_up":{"minecraft:birch_log":1,"minecraft:stick":1,"minecraft:feather":1,"minecraft:chicken":1,"minecraft:dirt":2},"minecraft:killed_by":{"minecraft:skeleton":2,"minecraft:zombie_villager":1,"minecraft:zombie":9},"minecraft:custom":{"minecraft:time_since_rest":12703,"minecraft:damage_taken":3707,"minecraft:sprint_one_cm":28570,"minecraft:play_time":81667,"minecraft:deaths":28,"minecraft:walk_one_cm":20997,"minecraft:sneak_time":72,"minecraft:mob_kills":2,"minecraft:jump":160,"minecraft:damage_dealt":170,"minecraft:leave_game":8,"minecraft:time_since_death":12667,"minecraft:total_world_time":81667,"minecraft:fall_one_cm":10976,"minecraft:fly_one_cm":40490}},"DataVersion":3465}