{"stats":{"minecraft:killed_by":{"minecraft:zombie":3},"minecraft:mined":{"minecraft:short_grass":57,"minecraft:oxeye_daisy":1,"minecraft:cornflower":1},"minecraft:used":{"minecraft:warden_spawn_egg":5,"minecraft:rotten_flesh":4,"minecraft:diamond_sword":190,"minecraft:zombie_spawn_egg":63,"minecraft:diamond_axe":59},"minecraft:custom":{"minecraft:time_since_rest":80134,"minecraft:crouch_one_cm":31,"minecraft:damage_taken":10497,"minecraft:play_time":85484,"minecraft:sprint_one_cm":57882,"minecraft:deaths":3,"minecraft:walk_one_cm":108553,"minecraft:sneak_time":29,"minecraft:mob_kills":38,"minecraft:jump":330,"minecraft:damage_dealt":6498,"minecraft:leave_game":1,"minecraft:time_since_death":80109,"minecraft:total_world_time":85484,"minecraft:fall_one_cm":4143,"minecraft:fly_one_cm":85067},"minecraft:killed":{"minecraft:sheep":1,"minecraft:skeleton":1,"minecraft:zombie":25,"minecraft:pig":4,"minecraft:creeper":1,"minecraft:chicken":3},"minecraft:picked_up":{"minecraft:arrow":1,"minecraft:feather":4,"minecraft:chicken":2,"minecraft:rotten_flesh":28,"minecraft:wheat_seeds":5,"minecraft:porkchop":8,"minecraft:gray_wool":1,"minecraft:gunpowder":1,"minecraft:iron_sword":1,"minecraft:mutton":2,"minecraft:cornflower":1,"minecraft:oxeye_daisy":1}},"DataVersion":3700}