{
  "minecraft:root": {
    "criteria": {
      "trigger": "2024-11-01 17:33:02 +0000"
    },
    "done": true
  },
  "minecraft:recipes/decorations/crafting_table": {
    "criteria": {
      "unlock_right_away": "2024-11-01 17:33:02 +0000"
    },
    "done": true
  },
  "minecraft:adventure/adventuring_time": {
    "criteria": {
      "minecraft:sparse_jungle": "2024-11-01 17:33:02 +0000"
    },
    "done": false
  },
  "dnl:story/general/new_start": {
    "criteria": {
      "new start": "2024-11-01 17:38:28 +0000"
    },
    "done": true
  },
  "minecraft:adventure/root": {
    "criteria": {
      "killed_by_something": "2024-11-01 17:51:05 +0000"
    },
    "done": true
  },
  "DataVersion": 3463
}