{
  "global:sygikal": {
    "criteria": {
      "trigger": "2024-10-27 19:42:37 +0000"
    },
    "done": true
  },
  "zensiert:zensiert/root": {
    "criteria": {
      "a": "2024-10-27 19:42:37 +0000"
    },
    "done": true
  },
  "global:realistichealth": {
    "criteria": {
      "requirement": "2024-10-27 19:42:37 +0000"
    },
    "done": true
  },
  "legend:setup": {
    "criteria": {
      "requirement": "2024-10-27 19:42:37 +0000"
    },
    "done": true
  },
  "global:bonbon": {
    "criteria": {
      "trigger": "2024-10-27 19:42:37 +0000"
    },
    "done": true
  },
  "jcarbone:root": {
    "criteria": {
      "requirement": "2024-10-27 19:42:37 +0000"
    },
    "done": true
  },
  "minecraft:recipes/decorations/crafting_table": {
    "criteria": {
      "unlock_right_away": "2024-10-27 19:42:37 +0000"
    },
    "done": true
  },
  "jcarbone:legend_datapack": {
    "criteria": {
      "requirement": "2024-10-27 19:42:37 +0000"
    },
    "done": true
  },
  "global:root": {
    "criteria": {
      "trigger": "2024-10-27 19:42:37 +0000"
    },
    "done": true
  },
  "bonbontotemmessage:totemdeathwatermark": {
    "criteria": {
      "trigger": "2024-10-27 19:42:37 +0000"
    },
    "done": true
  },
  "zensiert:zensiert/level_up": {
    "criteria": {
      "tick": "2024-10-27 19:42:37 +0000"
    },
    "done": true
  },
  "minecraft:adventure/adventuring_time": {
    "criteria": {
      "minecraft:jungle": "2024-10-27 19:42:38 +0000"
    },
    "done": false
  },
  "bonbontotemmessage:explodefail": {
    "criteria": {
      "requirement": "2024-10-27 19:44:01 +0000"
    },
    "done": true
  },
  "1_splatus:spellbound/player_hurt": {
    "criteria": {
      "requirement": "2024-10-27 19:44:01 +0000"
    },
    "done": true
  },
  "ds:on_hurt": {
    "criteria": {
      "target": "2024-10-27 19:46:43 +0000"
    },
    "done": false
  },
  "minecraft:adventure/totem_of_undying": {
    "criteria": {
      "used_totem": "2024-10-27 19:46:46 +0000"
    },
    "done": true
  },
  "minecraft:adventure/root": {
    "criteria": {
      "killed_by_something": "2024-10-27 19:46:49 +0000"
    },
    "done": true
  },
  "lvlstats:test/dimension": {
    "criteria": {
      "detect_dimension_change": "2024-10-27 19:47:06 +0000"
    },
    "done": true
  },
  "minecraft:recipes/building_blocks/spruce_planks": {
    "criteria": {
      "has_logs": "2024-10-27 21:46:24 +0000"
    },
    "done": true
  },
  "minecraft:recipes/building_blocks/oak_slab": {
    "criteria": {
      "has_planks": "2024-10-27 21:46:24 +0000"
    },
    "done": true
  },
  "minecraft:recipes/decorations/oak_sign": {
    "criteria": {
      "has_planks": "2024-10-27 21:46:24 +0000"
    },
    "done": true
  },
  "minecraft:recipes/redstone/oak_trapdoor": {
    "criteria": {
      "has_planks": "2024-10-27 21:46:24 +0000"
    },
    "done": true
  },
  "minecraft:recipes/redstone/oak_fence_gate": {
    "criteria": {
      "has_planks": "2024-10-27 21:46:24 +0000"
    },
    "done": true
  },
  "minecraft:recipes/misc/charcoal": {
    "criteria": {
      "has_log": "2024-10-27 21:46:24 +0000"
    },
    "done": true
  },
  "minecraft:recipes/redstone/oak_pressure_plate": {
    "criteria": {
      "has_planks": "2024-10-27 21:46:24 +0000"
    },
    "done": true
  },
  "minecraft:recipes/redstone/oak_door": {
    "criteria": {
      "has_planks": "2024-10-27 21:46:24 +0000"
    },
    "done": true
  },
  "minecraft:recipes/misc/stick": {
    "criteria": {
      "has_planks": "2024-10-27 21:46:24 +0000"
    },
    "done": true
  },
  "minecraft:recipes/building_blocks/oak_stairs": {
    "criteria": {
      "has_planks": "2024-10-27 21:46:24 +0000"
    },
    "done": true
  },
  "minecraft:recipes/decorations/oak_fence": {
    "criteria": {
      "has_planks": "2024-10-27 21:46:24 +0000"
    },
    "done": true
  },
  "minecraft:recipes/decorations/barrel": {
    "criteria": {
      "has_planks": "2024-10-27 21:46:24 +0000"
    },
    "done": true
  },
  "minecraft:recipes/redstone/oak_button": {
    "criteria": {
      "has_planks": "2024-10-27 21:46:24 +0000"
    },
    "done": true
  },
  "DataVersion": 3465
}