{
  "minecraft:end/kill_dragon": {
    "criteria": {
      "killed_dragon": "2024-11-02 02:21:05 +0000"
    },
    "done": true
  },
  "minecraft:end/dragon_egg": {
    "criteria": {
      "dragon_egg": "2024-11-02 02:21:25 +0000"
    },
    "done": true
  },
  "minecraft:nether/explore_nether": {
    "criteria": {
      "minecraft:basalt_deltas": "2024-11-02 02:08:19 +0000"
    },
    "done": false
  },
  "vanilla_refresh:location/the_end": {
    "criteria": {
      "requirement": "2024-11-02 02:15:51 +0000"
    },
    "done": true
  },
  "minecraft:recipes/building_blocks/oxidized_cut_copper": {
    "criteria": {
      "has_oxidized_copper": "2024-11-02 02:01:26 +0000"
    },
    "done": true
  },
  "minecraft:recipes/decorations/end_crystal": {
    "criteria": {
      "has_ender_eye": "2024-11-02 02:15:23 +0000"
    },
    "done": true
  },
  "minecraft:story/enter_the_nether": {
    "criteria": {
      "entered_nether": "2024-11-02 02:08:19 +0000"
    },
    "done": true
  },
  "minecraft:recipes/building_blocks/oxidized_cut_copper_from_oxidized_copper_stonecutting": {
    "criteria": {
      "has_oxidized_copper": "2024-11-02 02:01:26 +0000"
    },
    "done": true
  },
  "minecraft:recipes/decorations/crafting_table": {
    "criteria": {
      "unlock_right_away": "2024-11-02 01:58:11 +0000"
    },
    "done": true
  },
  "minecraft:adventure/kill_all_mobs": {
    "criteria": {
      "minecraft:ender_dragon": "2024-11-02 02:21:05 +0000"
    },
    "done": false
  },
  "minecraft:recipes/building_blocks/oxidized_cut_copper_slab_from_oxidized_copper_stonecutting": {
    "criteria": {
      "has_oxidized_copper": "2024-11-02 02:01:26 +0000"
    },
    "done": true
  },
  "vanilla_refresh:player/end_teleport": {
    "criteria": {
      "s3": "2024-11-02 02:15:51 +0000"
    },
    "done": false
  },
  "minecraft:root": {
    "criteria": {
      "trigger": "2024-11-02 01:58:11 +0000"
    },
    "done": true
  },
  "minecraft:recipes/building_blocks/oxidized_cut_copper_stairs_from_oxidized_copper_stonecutting": {
    "criteria": {
      "has_oxidized_copper": "2024-11-02 02:01:26 +0000"
    },
    "done": true
  },
  "minecraft:recipes/building_blocks/waxed_oxidized_copper_from_honeycomb": {
    "criteria": {
      "has_oxidized_copper": "2024-11-02 02:01:26 +0000"
    },
    "done": true
  },
  "minecraft:nether/root": {
    "criteria": {
      "entered_nether": "2024-11-02 02:08:19 +0000"
    },
    "done": true
  },
  "minecraft:recipes/tools/flint_and_steel": {
    "criteria": {
      "has_obsidian": "2024-11-02 02:07:56 +0000"
    },
    "done": true
  },
  "minecraft:recipes/misc/charcoal": {
    "criteria": {
      "has_log": "2024-11-02 02:15:42 +0000"
    },
    "done": true
  },
  "vanilla_refresh:location/the_outer_end": {
    "criteria": {
      "entered_end_gateway": "2024-11-02 02:18:43 +0000"
    },
    "done": true
  },
  "vanilla_refresh:location/the_nether": {
    "criteria": {
      "requirement": "2024-11-02 02:08:19 +0000"
    },
    "done": true
  },
  "minecraft:story/form_obsidian": {
    "criteria": {
      "obsidian": "2024-11-02 02:07:56 +0000"
    },
    "done": true
  },
  "minecraft:end/enter_end_gateway": {
    "criteria": {
      "entered_end_gateway": "2024-11-02 02:18:43 +0000"
    },
    "done": true
  },
  "vanilla_refresh:player/tick": {
    "criteria": {
      "s": "2024-11-02 01:58:11 +0000"
    },
    "done": true
  },
  "vanilla_refresh:biome/ocean": {
    "criteria": {
      "requirement": "2024-11-02 02:12:11 +0000"
    },
    "done": true
  },
  "minecraft:adventure/root": {
    "criteria": {
      "killed_by_something": "2024-11-02 01:59:18 +0000"
    },
    "done": true
  },
  "minecraft:end/root": {
    "criteria": {
      "entered_end": "2024-11-02 02:15:51 +0000"
    },
    "done": true
  },
  "minecraft:recipes/building_blocks/oak_planks": {
    "criteria": {
      "has_logs": "2024-11-02 02:15:42 +0000"
    },
    "done": true
  },
  "minecraft:adventure/kill_a_mob": {
    "criteria": {
      "minecraft:ender_dragon": "2024-11-02 02:21:05 +0000"
    },
    "done": true
  },
  "minecraft:adventure/adventuring_time": {
    "criteria": {
      "minecraft:forest": "2024-11-02 01:58:11 +0000",
      "minecraft:deep_ocean": "2024-11-02 02:12:11 +0000",
      "minecraft:meadow": "2024-11-02 02:04:52 +0000",
      "minecraft:stony_shore": "2024-11-02 02:04:34 +0000"
    },
    "done": false
  },
  "vanilla_refresh:biome/meadows": {
    "criteria": {
      "requirement": "2024-11-02 02:04:51 +0000"
    },
    "done": true
  },
  "minecraft:recipes/decorations/enchanting_table": {
    "criteria": {
      "has_obsidian": "2024-11-02 02:07:56 +0000"
    },
    "done": true
  },
  "vanilla_refresh:biome/forest": {
    "criteria": {
      "requirement": "2024-11-02 01:58:20 +0000"
    },
    "done": true
  },
  "minecraft:recipes/decorations/ender_chest": {
    "criteria": {
      "has_ender_eye": "2024-11-02 02:15:23 +0000"
    },
    "done": true
  },
  "minecraft:recipes/building_blocks/oak_wood": {
    "criteria": {
      "has_log": "2024-11-02 02:15:42 +0000"
    },
    "done": true
  },
  "vanilla_refresh:biome/nether/basalt_deltas": {
    "criteria": {
      "requirement": "2024-11-02 02:08:26 +0000"
    },
    "done": true
  },
  "minecraft:story/enter_the_end": {
    "criteria": {
      "entered_end": "2024-11-02 02:15:51 +0000"
    },
    "done": true
  },
  "DataVersion": 3700
}