{
  "minecraft:recipes/decorations/crafting_table": {
    "criteria": {
      "unlock_right_away": "2024-10-28 02:35:15 +0000"
    },
    "done": true
  },
  "minecraft:adventure/adventuring_time": {
    "criteria": {
      "minecraft:stony_shore": "2024-10-28 02:35:15 +0000",
      "minecraft:forest": "2024-10-28 02:42:13 +0000",
      "minecraft:plains": "2024-10-28 02:39:44 +0000"
    },
    "done": false
  },
  "minecraft:adventure/root": {
    "criteria": {
      "killed_by_something": "2024-10-28 02:54:37 +0000"
    },
    "done": true
  },
  "DataVersion": 3465
}